experiment,display_name,mode,chunk_t,mean_action_l1
act_lang_B,ACT-Lang-B,correct,0,0.3510461449623108
act_lang_B,ACT-Lang-B,correct,1,0.330349862575531
act_lang_B,ACT-Lang-B,correct,2,0.31333470344543457
act_lang_B,ACT-Lang-B,correct,3,0.3195090591907501
act_lang_B,ACT-Lang-B,correct,4,0.2970212399959564
act_lang_B,ACT-Lang-B,correct,5,0.305650919675827
act_lang_B,ACT-Lang-B,correct,6,0.314393013715744
act_lang_B,ACT-Lang-B,correct,7,0.30074697732925415
act_lang_B,ACT-Lang-B,correct,8,0.31751003861427307
act_lang_B,ACT-Lang-B,correct,9,0.33162349462509155
act_lang_B,ACT-Lang-B,correct,10,0.32130101323127747
act_lang_B,ACT-Lang-B,correct,11,0.3354385197162628
act_lang_B,ACT-Lang-B,correct,12,0.3489198386669159
act_lang_B,ACT-Lang-B,correct,13,0.3321934640407562
act_lang_B,ACT-Lang-B,correct,14,0.32477784156799316
act_lang_B,ACT-Lang-B,correct,15,0.30247217416763306
act_lang_B,ACT-Lang-B,correct,16,0.3371399939060211
act_lang_B,ACT-Lang-B,correct,17,0.3285640478134155
act_lang_B,ACT-Lang-B,correct,18,0.3416301906108856
act_lang_B,ACT-Lang-B,correct,19,0.2806839644908905
act_lang_B,ACT-Lang-B,correct,20,0.2917397916316986
act_lang_B,ACT-Lang-B,correct,21,0.3049808144569397
act_lang_B,ACT-Lang-B,correct,22,0.34555530548095703
act_lang_B,ACT-Lang-B,correct,23,0.3351311683654785
act_lang_B,ACT-Lang-B,correct,24,0.3631581962108612
act_lang_B,ACT-Lang-B,correct,25,0.36182039976119995
act_lang_B,ACT-Lang-B,correct,26,0.3569774329662323
act_lang_B,ACT-Lang-B,correct,27,0.3574920892715454
act_lang_B,ACT-Lang-B,correct,28,0.3901500105857849
act_lang_B,ACT-Lang-B,correct,29,0.3788510859012604
act_lang_B,ACT-Lang-B,correct,30,0.41559889912605286
act_lang_B,ACT-Lang-B,correct,31,0.4320976436138153
act_lang_B,ACT-Lang-B,correct,32,0.4304232895374298
act_lang_B,ACT-Lang-B,correct,33,0.4031035304069519
act_lang_B,ACT-Lang-B,correct,34,0.41075006127357483
act_lang_B,ACT-Lang-B,correct,35,0.40866637229919434
act_lang_B,ACT-Lang-B,correct,36,0.44813263416290283
act_lang_B,ACT-Lang-B,correct,37,0.42809608578681946
act_lang_B,ACT-Lang-B,correct,38,0.43493351340293884
act_lang_B,ACT-Lang-B,correct,39,0.40769103169441223
act_lang_B,ACT-Lang-B,correct,40,0.41324159502983093
act_lang_B,ACT-Lang-B,correct,41,0.39430564641952515
act_lang_B,ACT-Lang-B,correct,42,0.35629624128341675
act_lang_B,ACT-Lang-B,correct,43,0.36635681986808777
act_lang_B,ACT-Lang-B,correct,44,0.4167782962322235
act_lang_B,ACT-Lang-B,correct,45,0.40372732281684875
act_lang_B,ACT-Lang-B,correct,46,0.3381159007549286
act_lang_B,ACT-Lang-B,correct,47,0.3733898401260376
act_lang_B,ACT-Lang-B,correct,48,0.3573567271232605
act_lang_B,ACT-Lang-B,correct,49,0.3369441032409668
act_lang_B,ACT-Lang-B,correct,50,0.39649689197540283
act_lang_B,ACT-Lang-B,correct,51,0.29259192943573
act_lang_B,ACT-Lang-B,correct,52,0.3086335062980652
act_lang_B,ACT-Lang-B,correct,53,0.31882166862487793
act_lang_B,ACT-Lang-B,correct,54,0.32993587851524353
act_lang_B,ACT-Lang-B,correct,55,0.27880948781967163
act_lang_B,ACT-Lang-B,correct,56,0.25692838430404663
act_lang_B,ACT-Lang-B,correct,57,0.23228242993354797
act_lang_B,ACT-Lang-B,correct,58,0.19100165367126465
act_lang_B,ACT-Lang-B,correct,59,0.15297554433345795
act_lang_B,ACT-Lang-B,correct,60,0.13879463076591492
act_lang_B,ACT-Lang-B,correct,61,0.05824964493513107
act_lang_B,ACT-Lang-B,correct,62,0.021537818014621735
act_lang_B,ACT-Lang-B,correct,63,0.0
act_lang_B,ACT-Lang-B,correct,64,0.0
act_lang_B,ACT-Lang-B,correct,65,0.0
act_lang_B,ACT-Lang-B,correct,66,0.0
act_lang_B,ACT-Lang-B,correct,67,0.0
act_lang_B,ACT-Lang-B,correct,68,0.0
act_lang_B,ACT-Lang-B,correct,69,0.0
act_lang_B,ACT-Lang-B,correct,70,0.0
act_lang_B,ACT-Lang-B,correct,71,0.0
act_lang_B,ACT-Lang-B,correct,72,0.0
act_lang_B,ACT-Lang-B,correct,73,0.0
act_lang_B,ACT-Lang-B,correct,74,0.0
act_lang_B,ACT-Lang-B,correct,75,0.0
act_lang_B,ACT-Lang-B,correct,76,0.0
act_lang_B,ACT-Lang-B,correct,77,0.0
act_lang_B,ACT-Lang-B,correct,78,0.0
act_lang_B,ACT-Lang-B,correct,79,0.0
act_lang_B,ACT-Lang-B,correct,80,0.0
act_lang_B,ACT-Lang-B,correct,81,0.0
act_lang_B,ACT-Lang-B,correct,82,0.0
act_lang_B,ACT-Lang-B,correct,83,0.0
act_lang_B,ACT-Lang-B,correct,84,0.0
act_lang_B,ACT-Lang-B,correct,85,0.0
act_lang_B,ACT-Lang-B,correct,86,0.0
act_lang_B,ACT-Lang-B,correct,87,0.0
act_lang_B,ACT-Lang-B,correct,88,0.0
act_lang_B,ACT-Lang-B,correct,89,0.0
act_lang_B,ACT-Lang-B,correct,90,0.0
act_lang_B,ACT-Lang-B,correct,91,0.0
act_lang_B,ACT-Lang-B,correct,92,0.0
act_lang_B,ACT-Lang-B,correct,93,0.0
act_lang_B,ACT-Lang-B,correct,94,0.0
act_lang_B,ACT-Lang-B,correct,95,0.0
act_lang_B,ACT-Lang-B,correct,96,0.0
act_lang_B,ACT-Lang-B,correct,97,0.0
act_lang_B,ACT-Lang-B,correct,98,0.0
act_lang_B,ACT-Lang-B,correct,99,0.0
act_lang_B,ACT-Lang-B,zero_language,0,0.632443368434906
act_lang_B,ACT-Lang-B,zero_language,1,0.6250362992286682
act_lang_B,ACT-Lang-B,zero_language,2,0.6245751976966858
act_lang_B,ACT-Lang-B,zero_language,3,0.6341301798820496
act_lang_B,ACT-Lang-B,zero_language,4,0.6056081056594849
act_lang_B,ACT-Lang-B,zero_language,5,0.6066190600395203
act_lang_B,ACT-Lang-B,zero_language,6,0.6003857254981995
act_lang_B,ACT-Lang-B,zero_language,7,0.5990608930587769
act_lang_B,ACT-Lang-B,zero_language,8,0.5973803997039795
act_lang_B,ACT-Lang-B,zero_language,9,0.5892634391784668
act_lang_B,ACT-Lang-B,zero_language,10,0.584494948387146
act_lang_B,ACT-Lang-B,zero_language,11,0.5969733595848083
act_lang_B,ACT-Lang-B,zero_language,12,0.5950478911399841
act_lang_B,ACT-Lang-B,zero_language,13,0.5632215738296509
act_lang_B,ACT-Lang-B,zero_language,14,0.5488348007202148
act_lang_B,ACT-Lang-B,zero_language,15,0.5176903009414673
act_lang_B,ACT-Lang-B,zero_language,16,0.5347135663032532
act_lang_B,ACT-Lang-B,zero_language,17,0.5177818536758423
act_lang_B,ACT-Lang-B,zero_language,18,0.5452250838279724
act_lang_B,ACT-Lang-B,zero_language,19,0.5045112371444702
act_lang_B,ACT-Lang-B,zero_language,20,0.5221306681632996
act_lang_B,ACT-Lang-B,zero_language,21,0.5546560287475586
act_lang_B,ACT-Lang-B,zero_language,22,0.6253867149353027
act_lang_B,ACT-Lang-B,zero_language,23,0.585971474647522
act_lang_B,ACT-Lang-B,zero_language,24,0.6115712523460388
act_lang_B,ACT-Lang-B,zero_language,25,0.6295031309127808
act_lang_B,ACT-Lang-B,zero_language,26,0.5985071659088135
act_lang_B,ACT-Lang-B,zero_language,27,0.5820034742355347
act_lang_B,ACT-Lang-B,zero_language,28,0.5845382809638977
act_lang_B,ACT-Lang-B,zero_language,29,0.59354567527771
act_lang_B,ACT-Lang-B,zero_language,30,0.6113162040710449
act_lang_B,ACT-Lang-B,zero_language,31,0.6059892773628235
act_lang_B,ACT-Lang-B,zero_language,32,0.5697429776191711
act_lang_B,ACT-Lang-B,zero_language,33,0.5555150508880615
act_lang_B,ACT-Lang-B,zero_language,34,0.5527327656745911
act_lang_B,ACT-Lang-B,zero_language,35,0.5564590096473694
act_lang_B,ACT-Lang-B,zero_language,36,0.583796501159668
act_lang_B,ACT-Lang-B,zero_language,37,0.5853027105331421
act_lang_B,ACT-Lang-B,zero_language,38,0.5933775305747986
act_lang_B,ACT-Lang-B,zero_language,39,0.5840194821357727
act_lang_B,ACT-Lang-B,zero_language,40,0.607492983341217
act_lang_B,ACT-Lang-B,zero_language,41,0.6036221385002136
act_lang_B,ACT-Lang-B,zero_language,42,0.5372146368026733
act_lang_B,ACT-Lang-B,zero_language,43,0.5424675345420837
act_lang_B,ACT-Lang-B,zero_language,44,0.6024974584579468
act_lang_B,ACT-Lang-B,zero_language,45,0.604827344417572
act_lang_B,ACT-Lang-B,zero_language,46,0.5582989454269409
act_lang_B,ACT-Lang-B,zero_language,47,0.5892707109451294
act_lang_B,ACT-Lang-B,zero_language,48,0.5182737708091736
act_lang_B,ACT-Lang-B,zero_language,49,0.49470725655555725
act_lang_B,ACT-Lang-B,zero_language,50,0.5200473070144653
act_lang_B,ACT-Lang-B,zero_language,51,0.36290693283081055
act_lang_B,ACT-Lang-B,zero_language,52,0.3571086525917053
act_lang_B,ACT-Lang-B,zero_language,53,0.3430525064468384
act_lang_B,ACT-Lang-B,zero_language,54,0.3590810298919678
act_lang_B,ACT-Lang-B,zero_language,55,0.3526618480682373
act_lang_B,ACT-Lang-B,zero_language,56,0.3428580164909363
act_lang_B,ACT-Lang-B,zero_language,57,0.2789343595504761
act_lang_B,ACT-Lang-B,zero_language,58,0.2307300865650177
act_lang_B,ACT-Lang-B,zero_language,59,0.20647010207176208
act_lang_B,ACT-Lang-B,zero_language,60,0.19608259201049805
act_lang_B,ACT-Lang-B,zero_language,61,0.11270825564861298
act_lang_B,ACT-Lang-B,zero_language,62,0.03896334767341614
act_lang_B,ACT-Lang-B,zero_language,63,0.0
act_lang_B,ACT-Lang-B,zero_language,64,0.0
act_lang_B,ACT-Lang-B,zero_language,65,0.0
act_lang_B,ACT-Lang-B,zero_language,66,0.0
act_lang_B,ACT-Lang-B,zero_language,67,0.0
act_lang_B,ACT-Lang-B,zero_language,68,0.0
act_lang_B,ACT-Lang-B,zero_language,69,0.0
act_lang_B,ACT-Lang-B,zero_language,70,0.0
act_lang_B,ACT-Lang-B,zero_language,71,0.0
act_lang_B,ACT-Lang-B,zero_language,72,0.0
act_lang_B,ACT-Lang-B,zero_language,73,0.0
act_lang_B,ACT-Lang-B,zero_language,74,0.0
act_lang_B,ACT-Lang-B,zero_language,75,0.0
act_lang_B,ACT-Lang-B,zero_language,76,0.0
act_lang_B,ACT-Lang-B,zero_language,77,0.0
act_lang_B,ACT-Lang-B,zero_language,78,0.0
act_lang_B,ACT-Lang-B,zero_language,79,0.0
act_lang_B,ACT-Lang-B,zero_language,80,0.0
act_lang_B,ACT-Lang-B,zero_language,81,0.0
act_lang_B,ACT-Lang-B,zero_language,82,0.0
act_lang_B,ACT-Lang-B,zero_language,83,0.0
act_lang_B,ACT-Lang-B,zero_language,84,0.0
act_lang_B,ACT-Lang-B,zero_language,85,0.0
act_lang_B,ACT-Lang-B,zero_language,86,0.0
act_lang_B,ACT-Lang-B,zero_language,87,0.0
act_lang_B,ACT-Lang-B,zero_language,88,0.0
act_lang_B,ACT-Lang-B,zero_language,89,0.0
act_lang_B,ACT-Lang-B,zero_language,90,0.0
act_lang_B,ACT-Lang-B,zero_language,91,0.0
act_lang_B,ACT-Lang-B,zero_language,92,0.0
act_lang_B,ACT-Lang-B,zero_language,93,0.0
act_lang_B,ACT-Lang-B,zero_language,94,0.0
act_lang_B,ACT-Lang-B,zero_language,95,0.0
act_lang_B,ACT-Lang-B,zero_language,96,0.0
act_lang_B,ACT-Lang-B,zero_language,97,0.0
act_lang_B,ACT-Lang-B,zero_language,98,0.0
act_lang_B,ACT-Lang-B,zero_language,99,0.0
act_lang_B,ACT-Lang-B,wrong_language,0,0.6770946383476257
act_lang_B,ACT-Lang-B,wrong_language,1,0.6785458326339722
act_lang_B,ACT-Lang-B,wrong_language,2,0.6917245388031006
act_lang_B,ACT-Lang-B,wrong_language,3,0.703521192073822
act_lang_B,ACT-Lang-B,wrong_language,4,0.6999883651733398
act_lang_B,ACT-Lang-B,wrong_language,5,0.6876099705696106
act_lang_B,ACT-Lang-B,wrong_language,6,0.6758749485015869
act_lang_B,ACT-Lang-B,wrong_language,7,0.6810193061828613
act_lang_B,ACT-Lang-B,wrong_language,8,0.6898949146270752
act_lang_B,ACT-Lang-B,wrong_language,9,0.6952877640724182
act_lang_B,ACT-Lang-B,wrong_language,10,0.7104066014289856
act_lang_B,ACT-Lang-B,wrong_language,11,0.7410818934440613
act_lang_B,ACT-Lang-B,wrong_language,12,0.7323540449142456
act_lang_B,ACT-Lang-B,wrong_language,13,0.7128342390060425
act_lang_B,ACT-Lang-B,wrong_language,14,0.7081264853477478
act_lang_B,ACT-Lang-B,wrong_language,15,0.6882796883583069
act_lang_B,ACT-Lang-B,wrong_language,16,0.6992018818855286
act_lang_B,ACT-Lang-B,wrong_language,17,0.7005065679550171
act_lang_B,ACT-Lang-B,wrong_language,18,0.7315481305122375
act_lang_B,ACT-Lang-B,wrong_language,19,0.6905454397201538
act_lang_B,ACT-Lang-B,wrong_language,20,0.6906115412712097
act_lang_B,ACT-Lang-B,wrong_language,21,0.7151471376419067
act_lang_B,ACT-Lang-B,wrong_language,22,0.7542750835418701
act_lang_B,ACT-Lang-B,wrong_language,23,0.7369307279586792
act_lang_B,ACT-Lang-B,wrong_language,24,0.744893491268158
act_lang_B,ACT-Lang-B,wrong_language,25,0.7467371821403503
act_lang_B,ACT-Lang-B,wrong_language,26,0.7237911224365234
act_lang_B,ACT-Lang-B,wrong_language,27,0.7296072244644165
act_lang_B,ACT-Lang-B,wrong_language,28,0.7467095255851746
act_lang_B,ACT-Lang-B,wrong_language,29,0.7501217722892761
act_lang_B,ACT-Lang-B,wrong_language,30,0.7867621779441833
act_lang_B,ACT-Lang-B,wrong_language,31,0.7806125283241272
act_lang_B,ACT-Lang-B,wrong_language,32,0.7732976078987122
act_lang_B,ACT-Lang-B,wrong_language,33,0.7487884759902954
act_lang_B,ACT-Lang-B,wrong_language,34,0.7243502140045166
act_lang_B,ACT-Lang-B,wrong_language,35,0.7243355512619019
act_lang_B,ACT-Lang-B,wrong_language,36,0.7281236052513123
act_lang_B,ACT-Lang-B,wrong_language,37,0.7065190076828003
act_lang_B,ACT-Lang-B,wrong_language,38,0.7070990800857544
act_lang_B,ACT-Lang-B,wrong_language,39,0.6933580636978149
act_lang_B,ACT-Lang-B,wrong_language,40,0.6863004565238953
act_lang_B,ACT-Lang-B,wrong_language,41,0.660386323928833
act_lang_B,ACT-Lang-B,wrong_language,42,0.629227876663208
act_lang_B,ACT-Lang-B,wrong_language,43,0.6356063485145569
act_lang_B,ACT-Lang-B,wrong_language,44,0.7071921825408936
act_lang_B,ACT-Lang-B,wrong_language,45,0.7139264941215515
act_lang_B,ACT-Lang-B,wrong_language,46,0.7002252340316772
act_lang_B,ACT-Lang-B,wrong_language,47,0.7089969515800476
act_lang_B,ACT-Lang-B,wrong_language,48,0.6840095520019531
act_lang_B,ACT-Lang-B,wrong_language,49,0.6473555564880371
act_lang_B,ACT-Lang-B,wrong_language,50,0.6982473134994507
act_lang_B,ACT-Lang-B,wrong_language,51,0.5236030220985413
act_lang_B,ACT-Lang-B,wrong_language,52,0.49932360649108887
act_lang_B,ACT-Lang-B,wrong_language,53,0.4946829676628113
act_lang_B,ACT-Lang-B,wrong_language,54,0.4806371331214905
act_lang_B,ACT-Lang-B,wrong_language,55,0.4096003472805023
act_lang_B,ACT-Lang-B,wrong_language,56,0.39662525057792664
act_lang_B,ACT-Lang-B,wrong_language,57,0.30190593004226685
act_lang_B,ACT-Lang-B,wrong_language,58,0.21953465044498444
act_lang_B,ACT-Lang-B,wrong_language,59,0.22687481343746185
act_lang_B,ACT-Lang-B,wrong_language,60,0.18138784170150757
act_lang_B,ACT-Lang-B,wrong_language,61,0.09016865491867065
act_lang_B,ACT-Lang-B,wrong_language,62,0.056874021887779236
act_lang_B,ACT-Lang-B,wrong_language,63,0.0
act_lang_B,ACT-Lang-B,wrong_language,64,0.0
act_lang_B,ACT-Lang-B,wrong_language,65,0.0
act_lang_B,ACT-Lang-B,wrong_language,66,0.0
act_lang_B,ACT-Lang-B,wrong_language,67,0.0
act_lang_B,ACT-Lang-B,wrong_language,68,0.0
act_lang_B,ACT-Lang-B,wrong_language,69,0.0
act_lang_B,ACT-Lang-B,wrong_language,70,0.0
act_lang_B,ACT-Lang-B,wrong_language,71,0.0
act_lang_B,ACT-Lang-B,wrong_language,72,0.0
act_lang_B,ACT-Lang-B,wrong_language,73,0.0
act_lang_B,ACT-Lang-B,wrong_language,74,0.0
act_lang_B,ACT-Lang-B,wrong_language,75,0.0
act_lang_B,ACT-Lang-B,wrong_language,76,0.0
act_lang_B,ACT-Lang-B,wrong_language,77,0.0
act_lang_B,ACT-Lang-B,wrong_language,78,0.0
act_lang_B,ACT-Lang-B,wrong_language,79,0.0
act_lang_B,ACT-Lang-B,wrong_language,80,0.0
act_lang_B,ACT-Lang-B,wrong_language,81,0.0
act_lang_B,ACT-Lang-B,wrong_language,82,0.0
act_lang_B,ACT-Lang-B,wrong_language,83,0.0
act_lang_B,ACT-Lang-B,wrong_language,84,0.0
act_lang_B,ACT-Lang-B,wrong_language,85,0.0
act_lang_B,ACT-Lang-B,wrong_language,86,0.0
act_lang_B,ACT-Lang-B,wrong_language,87,0.0
act_lang_B,ACT-Lang-B,wrong_language,88,0.0
act_lang_B,ACT-Lang-B,wrong_language,89,0.0
act_lang_B,ACT-Lang-B,wrong_language,90,0.0
act_lang_B,ACT-Lang-B,wrong_language,91,0.0
act_lang_B,ACT-Lang-B,wrong_language,92,0.0
act_lang_B,ACT-Lang-B,wrong_language,93,0.0
act_lang_B,ACT-Lang-B,wrong_language,94,0.0
act_lang_B,ACT-Lang-B,wrong_language,95,0.0
act_lang_B,ACT-Lang-B,wrong_language,96,0.0
act_lang_B,ACT-Lang-B,wrong_language,97,0.0
act_lang_B,ACT-Lang-B,wrong_language,98,0.0
act_lang_B,ACT-Lang-B,wrong_language,99,0.0
act_lang_ABC_200k,ACT-Lang-ABC 200k,correct,0,0.3734281063079834
act_lang_ABC_200k,ACT-Lang-ABC 200k,correct,1,0.3789277970790863
act_lang_ABC_200k,ACT-Lang-ABC 200k,correct,2,0.34117573499679565
act_lang_ABC_200k,ACT-Lang-ABC 200k,correct,3,0.33915385603904724
act_lang_ABC_200k,ACT-Lang-ABC 200k,correct,4,0.3363122344017029
act_lang_ABC_200k,ACT-Lang-ABC 200k,correct,5,0.34148046374320984
act_lang_ABC_200k,ACT-Lang-ABC 200k,correct,6,0.33603668212890625
act_lang_ABC_200k,ACT-Lang-ABC 200k,correct,7,0.32084476947784424
act_lang_ABC_200k,ACT-Lang-ABC 200k,correct,8,0.31772544980049133
act_lang_ABC_200k,ACT-Lang-ABC 200k,correct,9,0.32541757822036743
act_lang_ABC_200k,ACT-Lang-ABC 200k,correct,10,0.3406302332878113
act_lang_ABC_200k,ACT-Lang-ABC 200k,correct,11,0.3598128855228424
act_lang_ABC_200k,ACT-Lang-ABC 200k,correct,12,0.3502104580402374
act_lang_ABC_200k,ACT-Lang-ABC 200k,correct,13,0.33962810039520264
act_lang_ABC_200k,ACT-Lang-ABC 200k,correct,14,0.3296307325363159
act_lang_ABC_200k,ACT-Lang-ABC 200k,correct,15,0.33127856254577637
act_lang_ABC_200k,ACT-Lang-ABC 200k,correct,16,0.33241748809814453
act_lang_ABC_200k,ACT-Lang-ABC 200k,correct,17,0.3352663815021515
act_lang_ABC_200k,ACT-Lang-ABC 200k,correct,18,0.33584561944007874
act_lang_ABC_200k,ACT-Lang-ABC 200k,correct,19,0.359722763299942
act_lang_ABC_200k,ACT-Lang-ABC 200k,correct,20,0.36608564853668213
act_lang_ABC_200k,ACT-Lang-ABC 200k,correct,21,0.3864082396030426
act_lang_ABC_200k,ACT-Lang-ABC 200k,correct,22,0.37828168272972107
act_lang_ABC_200k,ACT-Lang-ABC 200k,correct,23,0.36465781927108765
act_lang_ABC_200k,ACT-Lang-ABC 200k,correct,24,0.38564103841781616
act_lang_ABC_200k,ACT-Lang-ABC 200k,correct,25,0.3858714699745178
act_lang_ABC_200k,ACT-Lang-ABC 200k,correct,26,0.4065946340560913
act_lang_ABC_200k,ACT-Lang-ABC 200k,correct,27,0.40756985545158386
act_lang_ABC_200k,ACT-Lang-ABC 200k,correct,28,0.3843753933906555
act_lang_ABC_200k,ACT-Lang-ABC 200k,correct,29,0.36335861682891846
act_lang_ABC_200k,ACT-Lang-ABC 200k,correct,30,0.36192378401756287
act_lang_ABC_200k,ACT-Lang-ABC 200k,correct,31,0.38464152812957764
act_lang_ABC_200k,ACT-Lang-ABC 200k,correct,32,0.3514937162399292
act_lang_ABC_200k,ACT-Lang-ABC 200k,correct,33,0.34430980682373047
act_lang_ABC_200k,ACT-Lang-ABC 200k,correct,34,0.3846089839935303
act_lang_ABC_200k,ACT-Lang-ABC 200k,correct,35,0.37508997321128845
act_lang_ABC_200k,ACT-Lang-ABC 200k,correct,36,0.3861125707626343
act_lang_ABC_200k,ACT-Lang-ABC 200k,correct,37,0.4031011164188385
act_lang_ABC_200k,ACT-Lang-ABC 200k,correct,38,0.38358139991760254
act_lang_ABC_200k,ACT-Lang-ABC 200k,correct,39,0.4154233932495117
act_lang_ABC_200k,ACT-Lang-ABC 200k,correct,40,0.4762932062149048
act_lang_ABC_200k,ACT-Lang-ABC 200k,correct,41,0.4732520580291748
act_lang_ABC_200k,ACT-Lang-ABC 200k,correct,42,0.4723847508430481
act_lang_ABC_200k,ACT-Lang-ABC 200k,correct,43,0.45762011408805847
act_lang_ABC_200k,ACT-Lang-ABC 200k,correct,44,0.481243371963501
act_lang_ABC_200k,ACT-Lang-ABC 200k,correct,45,0.4846816658973694
act_lang_ABC_200k,ACT-Lang-ABC 200k,correct,46,0.5190313458442688
act_lang_ABC_200k,ACT-Lang-ABC 200k,correct,47,0.46144747734069824
act_lang_ABC_200k,ACT-Lang-ABC 200k,correct,48,0.48569416999816895
act_lang_ABC_200k,ACT-Lang-ABC 200k,correct,49,0.4995899498462677
act_lang_ABC_200k,ACT-Lang-ABC 200k,correct,50,0.4746662974357605
act_lang_ABC_200k,ACT-Lang-ABC 200k,correct,51,0.48986637592315674
act_lang_ABC_200k,ACT-Lang-ABC 200k,correct,52,0.38785120844841003
act_lang_ABC_200k,ACT-Lang-ABC 200k,correct,53,0.2629106044769287
act_lang_ABC_200k,ACT-Lang-ABC 200k,correct,54,0.23987458646297455
act_lang_ABC_200k,ACT-Lang-ABC 200k,correct,55,0.2436130791902542
act_lang_ABC_200k,ACT-Lang-ABC 200k,correct,56,0.2729268968105316
act_lang_ABC_200k,ACT-Lang-ABC 200k,correct,57,0.2169516235589981
act_lang_ABC_200k,ACT-Lang-ABC 200k,correct,58,0.23753127455711365
act_lang_ABC_200k,ACT-Lang-ABC 200k,correct,59,0.28624358773231506
act_lang_ABC_200k,ACT-Lang-ABC 200k,correct,60,0.27637678384780884
act_lang_ABC_200k,ACT-Lang-ABC 200k,correct,61,0.2834681272506714
act_lang_ABC_200k,ACT-Lang-ABC 200k,correct,62,0.29504966735839844
act_lang_ABC_200k,ACT-Lang-ABC 200k,correct,63,0.24576455354690552
act_lang_ABC_200k,ACT-Lang-ABC 200k,correct,64,0.05347035452723503
act_lang_ABC_200k,ACT-Lang-ABC 200k,correct,65,0.0
act_lang_ABC_200k,ACT-Lang-ABC 200k,correct,66,0.0
act_lang_ABC_200k,ACT-Lang-ABC 200k,correct,67,0.0
act_lang_ABC_200k,ACT-Lang-ABC 200k,correct,68,0.0
act_lang_ABC_200k,ACT-Lang-ABC 200k,correct,69,0.0
act_lang_ABC_200k,ACT-Lang-ABC 200k,correct,70,0.0
act_lang_ABC_200k,ACT-Lang-ABC 200k,correct,71,0.0
act_lang_ABC_200k,ACT-Lang-ABC 200k,correct,72,0.0
act_lang_ABC_200k,ACT-Lang-ABC 200k,correct,73,0.0
act_lang_ABC_200k,ACT-Lang-ABC 200k,correct,74,0.0
act_lang_ABC_200k,ACT-Lang-ABC 200k,correct,75,0.0
act_lang_ABC_200k,ACT-Lang-ABC 200k,correct,76,0.0
act_lang_ABC_200k,ACT-Lang-ABC 200k,correct,77,0.0
act_lang_ABC_200k,ACT-Lang-ABC 200k,correct,78,0.0
act_lang_ABC_200k,ACT-Lang-ABC 200k,correct,79,0.0
act_lang_ABC_200k,ACT-Lang-ABC 200k,correct,80,0.0
act_lang_ABC_200k,ACT-Lang-ABC 200k,correct,81,0.0
act_lang_ABC_200k,ACT-Lang-ABC 200k,correct,82,0.0
act_lang_ABC_200k,ACT-Lang-ABC 200k,correct,83,0.0
act_lang_ABC_200k,ACT-Lang-ABC 200k,correct,84,0.0
act_lang_ABC_200k,ACT-Lang-ABC 200k,correct,85,0.0
act_lang_ABC_200k,ACT-Lang-ABC 200k,correct,86,0.0
act_lang_ABC_200k,ACT-Lang-ABC 200k,correct,87,0.0
act_lang_ABC_200k,ACT-Lang-ABC 200k,correct,88,0.0
act_lang_ABC_200k,ACT-Lang-ABC 200k,correct,89,0.0
act_lang_ABC_200k,ACT-Lang-ABC 200k,correct,90,0.0
act_lang_ABC_200k,ACT-Lang-ABC 200k,correct,91,0.0
act_lang_ABC_200k,ACT-Lang-ABC 200k,correct,92,0.0
act_lang_ABC_200k,ACT-Lang-ABC 200k,correct,93,0.0
act_lang_ABC_200k,ACT-Lang-ABC 200k,correct,94,0.0
act_lang_ABC_200k,ACT-Lang-ABC 200k,correct,95,0.0
act_lang_ABC_200k,ACT-Lang-ABC 200k,correct,96,0.0
act_lang_ABC_200k,ACT-Lang-ABC 200k,correct,97,0.0
act_lang_ABC_200k,ACT-Lang-ABC 200k,correct,98,0.0
act_lang_ABC_200k,ACT-Lang-ABC 200k,correct,99,0.0
act_lang_ABC_200k,ACT-Lang-ABC 200k,zero_language,0,0.637904703617096
act_lang_ABC_200k,ACT-Lang-ABC 200k,zero_language,1,0.680543065071106
act_lang_ABC_200k,ACT-Lang-ABC 200k,zero_language,2,0.6653943061828613
act_lang_ABC_200k,ACT-Lang-ABC 200k,zero_language,3,0.6739379167556763
act_lang_ABC_200k,ACT-Lang-ABC 200k,zero_language,4,0.6942707300186157
act_lang_ABC_200k,ACT-Lang-ABC 200k,zero_language,5,0.6919617056846619
act_lang_ABC_200k,ACT-Lang-ABC 200k,zero_language,6,0.6946088671684265
act_lang_ABC_200k,ACT-Lang-ABC 200k,zero_language,7,0.6815804243087769
act_lang_ABC_200k,ACT-Lang-ABC 200k,zero_language,8,0.6989227533340454
act_lang_ABC_200k,ACT-Lang-ABC 200k,zero_language,9,0.7265192866325378
act_lang_ABC_200k,ACT-Lang-ABC 200k,zero_language,10,0.7184327244758606
act_lang_ABC_200k,ACT-Lang-ABC 200k,zero_language,11,0.7603921890258789
act_lang_ABC_200k,ACT-Lang-ABC 200k,zero_language,12,0.7503909468650818
act_lang_ABC_200k,ACT-Lang-ABC 200k,zero_language,13,0.7295823097229004
act_lang_ABC_200k,ACT-Lang-ABC 200k,zero_language,14,0.7339635491371155
act_lang_ABC_200k,ACT-Lang-ABC 200k,zero_language,15,0.7201325297355652
act_lang_ABC_200k,ACT-Lang-ABC 200k,zero_language,16,0.7255293130874634
act_lang_ABC_200k,ACT-Lang-ABC 200k,zero_language,17,0.6984110474586487
act_lang_ABC_200k,ACT-Lang-ABC 200k,zero_language,18,0.6895681023597717
act_lang_ABC_200k,ACT-Lang-ABC 200k,zero_language,19,0.7078487873077393
act_lang_ABC_200k,ACT-Lang-ABC 200k,zero_language,20,0.7174400687217712
act_lang_ABC_200k,ACT-Lang-ABC 200k,zero_language,21,0.7218271493911743
act_lang_ABC_200k,ACT-Lang-ABC 200k,zero_language,22,0.7570048570632935
act_lang_ABC_200k,ACT-Lang-ABC 200k,zero_language,23,0.7425955533981323
act_lang_ABC_200k,ACT-Lang-ABC 200k,zero_language,24,0.7411370277404785
act_lang_ABC_200k,ACT-Lang-ABC 200k,zero_language,25,0.7674577832221985
act_lang_ABC_200k,ACT-Lang-ABC 200k,zero_language,26,0.7661499977111816
act_lang_ABC_200k,ACT-Lang-ABC 200k,zero_language,27,0.7413539290428162
act_lang_ABC_200k,ACT-Lang-ABC 200k,zero_language,28,0.7402253150939941
act_lang_ABC_200k,ACT-Lang-ABC 200k,zero_language,29,0.7248455286026001
act_lang_ABC_200k,ACT-Lang-ABC 200k,zero_language,30,0.7186061143875122
act_lang_ABC_200k,ACT-Lang-ABC 200k,zero_language,31,0.7575605511665344
act_lang_ABC_200k,ACT-Lang-ABC 200k,zero_language,32,0.7073200941085815
act_lang_ABC_200k,ACT-Lang-ABC 200k,zero_language,33,0.6996386647224426
act_lang_ABC_200k,ACT-Lang-ABC 200k,zero_language,34,0.6774225234985352
act_lang_ABC_200k,ACT-Lang-ABC 200k,zero_language,35,0.691810131072998
act_lang_ABC_200k,ACT-Lang-ABC 200k,zero_language,36,0.6755509972572327
act_lang_ABC_200k,ACT-Lang-ABC 200k,zero_language,37,0.6506504416465759
act_lang_ABC_200k,ACT-Lang-ABC 200k,zero_language,38,0.6366890668869019
act_lang_ABC_200k,ACT-Lang-ABC 200k,zero_language,39,0.6542224287986755
act_lang_ABC_200k,ACT-Lang-ABC 200k,zero_language,40,0.7165781259536743
act_lang_ABC_200k,ACT-Lang-ABC 200k,zero_language,41,0.6985082626342773
act_lang_ABC_200k,ACT-Lang-ABC 200k,zero_language,42,0.7154055833816528
act_lang_ABC_200k,ACT-Lang-ABC 200k,zero_language,43,0.7200872898101807
act_lang_ABC_200k,ACT-Lang-ABC 200k,zero_language,44,0.6789570450782776
act_lang_ABC_200k,ACT-Lang-ABC 200k,zero_language,45,0.688008725643158
act_lang_ABC_200k,ACT-Lang-ABC 200k,zero_language,46,0.7317070960998535
act_lang_ABC_200k,ACT-Lang-ABC 200k,zero_language,47,0.6884239912033081
act_lang_ABC_200k,ACT-Lang-ABC 200k,zero_language,48,0.685667097568512
act_lang_ABC_200k,ACT-Lang-ABC 200k,zero_language,49,0.6968599557876587
act_lang_ABC_200k,ACT-Lang-ABC 200k,zero_language,50,0.6440597176551819
act_lang_ABC_200k,ACT-Lang-ABC 200k,zero_language,51,0.612485945224762
act_lang_ABC_200k,ACT-Lang-ABC 200k,zero_language,52,0.5375600457191467
act_lang_ABC_200k,ACT-Lang-ABC 200k,zero_language,53,0.4996602535247803
act_lang_ABC_200k,ACT-Lang-ABC 200k,zero_language,54,0.4584895968437195
act_lang_ABC_200k,ACT-Lang-ABC 200k,zero_language,55,0.43611887097358704
act_lang_ABC_200k,ACT-Lang-ABC 200k,zero_language,56,0.44468942284584045
act_lang_ABC_200k,ACT-Lang-ABC 200k,zero_language,57,0.3867780268192291
act_lang_ABC_200k,ACT-Lang-ABC 200k,zero_language,58,0.3734898269176483
act_lang_ABC_200k,ACT-Lang-ABC 200k,zero_language,59,0.421027272939682
act_lang_ABC_200k,ACT-Lang-ABC 200k,zero_language,60,0.41660523414611816
act_lang_ABC_200k,ACT-Lang-ABC 200k,zero_language,61,0.41908207535743713
act_lang_ABC_200k,ACT-Lang-ABC 200k,zero_language,62,0.41932249069213867
act_lang_ABC_200k,ACT-Lang-ABC 200k,zero_language,63,0.29326313734054565
act_lang_ABC_200k,ACT-Lang-ABC 200k,zero_language,64,0.08710655570030212
act_lang_ABC_200k,ACT-Lang-ABC 200k,zero_language,65,0.0
act_lang_ABC_200k,ACT-Lang-ABC 200k,zero_language,66,0.0
act_lang_ABC_200k,ACT-Lang-ABC 200k,zero_language,67,0.0
act_lang_ABC_200k,ACT-Lang-ABC 200k,zero_language,68,0.0
act_lang_ABC_200k,ACT-Lang-ABC 200k,zero_language,69,0.0
act_lang_ABC_200k,ACT-Lang-ABC 200k,zero_language,70,0.0
act_lang_ABC_200k,ACT-Lang-ABC 200k,zero_language,71,0.0
act_lang_ABC_200k,ACT-Lang-ABC 200k,zero_language,72,0.0
act_lang_ABC_200k,ACT-Lang-ABC 200k,zero_language,73,0.0
act_lang_ABC_200k,ACT-Lang-ABC 200k,zero_language,74,0.0
act_lang_ABC_200k,ACT-Lang-ABC 200k,zero_language,75,0.0
act_lang_ABC_200k,ACT-Lang-ABC 200k,zero_language,76,0.0
act_lang_ABC_200k,ACT-Lang-ABC 200k,zero_language,77,0.0
act_lang_ABC_200k,ACT-Lang-ABC 200k,zero_language,78,0.0
act_lang_ABC_200k,ACT-Lang-ABC 200k,zero_language,79,0.0
act_lang_ABC_200k,ACT-Lang-ABC 200k,zero_language,80,0.0
act_lang_ABC_200k,ACT-Lang-ABC 200k,zero_language,81,0.0
act_lang_ABC_200k,ACT-Lang-ABC 200k,zero_language,82,0.0
act_lang_ABC_200k,ACT-Lang-ABC 200k,zero_language,83,0.0
act_lang_ABC_200k,ACT-Lang-ABC 200k,zero_language,84,0.0
act_lang_ABC_200k,ACT-Lang-ABC 200k,zero_language,85,0.0
act_lang_ABC_200k,ACT-Lang-ABC 200k,zero_language,86,0.0
act_lang_ABC_200k,ACT-Lang-ABC 200k,zero_language,87,0.0
act_lang_ABC_200k,ACT-Lang-ABC 200k,zero_language,88,0.0
act_lang_ABC_200k,ACT-Lang-ABC 200k,zero_language,89,0.0
act_lang_ABC_200k,ACT-Lang-ABC 200k,zero_language,90,0.0
act_lang_ABC_200k,ACT-Lang-ABC 200k,zero_language,91,0.0
act_lang_ABC_200k,ACT-Lang-ABC 200k,zero_language,92,0.0
act_lang_ABC_200k,ACT-Lang-ABC 200k,zero_language,93,0.0
act_lang_ABC_200k,ACT-Lang-ABC 200k,zero_language,94,0.0
act_lang_ABC_200k,ACT-Lang-ABC 200k,zero_language,95,0.0
act_lang_ABC_200k,ACT-Lang-ABC 200k,zero_language,96,0.0
act_lang_ABC_200k,ACT-Lang-ABC 200k,zero_language,97,0.0
act_lang_ABC_200k,ACT-Lang-ABC 200k,zero_language,98,0.0
act_lang_ABC_200k,ACT-Lang-ABC 200k,zero_language,99,0.0
act_lang_ABC_200k,ACT-Lang-ABC 200k,wrong_language,0,0.6879010200500488
act_lang_ABC_200k,ACT-Lang-ABC 200k,wrong_language,1,0.7264031171798706
act_lang_ABC_200k,ACT-Lang-ABC 200k,wrong_language,2,0.711561381816864
act_lang_ABC_200k,ACT-Lang-ABC 200k,wrong_language,3,0.7304985523223877
act_lang_ABC_200k,ACT-Lang-ABC 200k,wrong_language,4,0.7376988530158997
act_lang_ABC_200k,ACT-Lang-ABC 200k,wrong_language,5,0.740117073059082
act_lang_ABC_200k,ACT-Lang-ABC 200k,wrong_language,6,0.7725409269332886
act_lang_ABC_200k,ACT-Lang-ABC 200k,wrong_language,7,0.7611716985702515
act_lang_ABC_200k,ACT-Lang-ABC 200k,wrong_language,8,0.7645974159240723
act_lang_ABC_200k,ACT-Lang-ABC 200k,wrong_language,9,0.7753224968910217
act_lang_ABC_200k,ACT-Lang-ABC 200k,wrong_language,10,0.7597363591194153
act_lang_ABC_200k,ACT-Lang-ABC 200k,wrong_language,11,0.7835779190063477
act_lang_ABC_200k,ACT-Lang-ABC 200k,wrong_language,12,0.7789800763130188
act_lang_ABC_200k,ACT-Lang-ABC 200k,wrong_language,13,0.7862927317619324
act_lang_ABC_200k,ACT-Lang-ABC 200k,wrong_language,14,0.7839248776435852
act_lang_ABC_200k,ACT-Lang-ABC 200k,wrong_language,15,0.8059073090553284
act_lang_ABC_200k,ACT-Lang-ABC 200k,wrong_language,16,0.8370143175125122
act_lang_ABC_200k,ACT-Lang-ABC 200k,wrong_language,17,0.832127571105957
act_lang_ABC_200k,ACT-Lang-ABC 200k,wrong_language,18,0.8390808701515198
act_lang_ABC_200k,ACT-Lang-ABC 200k,wrong_language,19,0.8454587459564209
act_lang_ABC_200k,ACT-Lang-ABC 200k,wrong_language,20,0.8642926812171936
act_lang_ABC_200k,ACT-Lang-ABC 200k,wrong_language,21,0.8613066673278809
act_lang_ABC_200k,ACT-Lang-ABC 200k,wrong_language,22,0.8769803643226624
act_lang_ABC_200k,ACT-Lang-ABC 200k,wrong_language,23,0.8612506985664368
act_lang_ABC_200k,ACT-Lang-ABC 200k,wrong_language,24,0.8433494567871094
act_lang_ABC_200k,ACT-Lang-ABC 200k,wrong_language,25,0.835059404373169
act_lang_ABC_200k,ACT-Lang-ABC 200k,wrong_language,26,0.8414387106895447
act_lang_ABC_200k,ACT-Lang-ABC 200k,wrong_language,27,0.8330658078193665
act_lang_ABC_200k,ACT-Lang-ABC 200k,wrong_language,28,0.8531216979026794
act_lang_ABC_200k,ACT-Lang-ABC 200k,wrong_language,29,0.8336877822875977
act_lang_ABC_200k,ACT-Lang-ABC 200k,wrong_language,30,0.8144047260284424
act_lang_ABC_200k,ACT-Lang-ABC 200k,wrong_language,31,0.829879105091095
act_lang_ABC_200k,ACT-Lang-ABC 200k,wrong_language,32,0.8184471130371094
act_lang_ABC_200k,ACT-Lang-ABC 200k,wrong_language,33,0.8257714509963989
act_lang_ABC_200k,ACT-Lang-ABC 200k,wrong_language,34,0.8177626729011536
act_lang_ABC_200k,ACT-Lang-ABC 200k,wrong_language,35,0.8328620195388794
act_lang_ABC_200k,ACT-Lang-ABC 200k,wrong_language,36,0.816444993019104
act_lang_ABC_200k,ACT-Lang-ABC 200k,wrong_language,37,0.7665520310401917
act_lang_ABC_200k,ACT-Lang-ABC 200k,wrong_language,38,0.7164658904075623
act_lang_ABC_200k,ACT-Lang-ABC 200k,wrong_language,39,0.6989566087722778
act_lang_ABC_200k,ACT-Lang-ABC 200k,wrong_language,40,0.706155002117157
act_lang_ABC_200k,ACT-Lang-ABC 200k,wrong_language,41,0.7026970982551575
act_lang_ABC_200k,ACT-Lang-ABC 200k,wrong_language,42,0.7192886471748352
act_lang_ABC_200k,ACT-Lang-ABC 200k,wrong_language,43,0.7150760889053345
act_lang_ABC_200k,ACT-Lang-ABC 200k,wrong_language,44,0.7369362115859985
act_lang_ABC_200k,ACT-Lang-ABC 200k,wrong_language,45,0.7671812772750854
act_lang_ABC_200k,ACT-Lang-ABC 200k,wrong_language,46,0.8132842779159546
act_lang_ABC_200k,ACT-Lang-ABC 200k,wrong_language,47,0.8232843279838562
act_lang_ABC_200k,ACT-Lang-ABC 200k,wrong_language,48,0.8144779205322266
act_lang_ABC_200k,ACT-Lang-ABC 200k,wrong_language,49,0.8285889625549316
act_lang_ABC_200k,ACT-Lang-ABC 200k,wrong_language,50,0.7598602771759033
act_lang_ABC_200k,ACT-Lang-ABC 200k,wrong_language,51,0.7500808238983154
act_lang_ABC_200k,ACT-Lang-ABC 200k,wrong_language,52,0.7491835355758667
act_lang_ABC_200k,ACT-Lang-ABC 200k,wrong_language,53,0.6576647162437439
act_lang_ABC_200k,ACT-Lang-ABC 200k,wrong_language,54,0.5963354706764221
act_lang_ABC_200k,ACT-Lang-ABC 200k,wrong_language,55,0.5649049282073975
act_lang_ABC_200k,ACT-Lang-ABC 200k,wrong_language,56,0.5894101858139038
act_lang_ABC_200k,ACT-Lang-ABC 200k,wrong_language,57,0.5118175148963928
act_lang_ABC_200k,ACT-Lang-ABC 200k,wrong_language,58,0.5109801888465881
act_lang_ABC_200k,ACT-Lang-ABC 200k,wrong_language,59,0.5769062638282776
act_lang_ABC_200k,ACT-Lang-ABC 200k,wrong_language,60,0.46778610348701477
act_lang_ABC_200k,ACT-Lang-ABC 200k,wrong_language,61,0.4627125859260559
act_lang_ABC_200k,ACT-Lang-ABC 200k,wrong_language,62,0.45754915475845337
act_lang_ABC_200k,ACT-Lang-ABC 200k,wrong_language,63,0.2729310393333435
act_lang_ABC_200k,ACT-Lang-ABC 200k,wrong_language,64,0.07617750763893127
act_lang_ABC_200k,ACT-Lang-ABC 200k,wrong_language,65,0.0
act_lang_ABC_200k,ACT-Lang-ABC 200k,wrong_language,66,0.0
act_lang_ABC_200k,ACT-Lang-ABC 200k,wrong_language,67,0.0
act_lang_ABC_200k,ACT-Lang-ABC 200k,wrong_language,68,0.0
act_lang_ABC_200k,ACT-Lang-ABC 200k,wrong_language,69,0.0
act_lang_ABC_200k,ACT-Lang-ABC 200k,wrong_language,70,0.0
act_lang_ABC_200k,ACT-Lang-ABC 200k,wrong_language,71,0.0
act_lang_ABC_200k,ACT-Lang-ABC 200k,wrong_language,72,0.0
act_lang_ABC_200k,ACT-Lang-ABC 200k,wrong_language,73,0.0
act_lang_ABC_200k,ACT-Lang-ABC 200k,wrong_language,74,0.0
act_lang_ABC_200k,ACT-Lang-ABC 200k,wrong_language,75,0.0
act_lang_ABC_200k,ACT-Lang-ABC 200k,wrong_language,76,0.0
act_lang_ABC_200k,ACT-Lang-ABC 200k,wrong_language,77,0.0
act_lang_ABC_200k,ACT-Lang-ABC 200k,wrong_language,78,0.0
act_lang_ABC_200k,ACT-Lang-ABC 200k,wrong_language,79,0.0
act_lang_ABC_200k,ACT-Lang-ABC 200k,wrong_language,80,0.0
act_lang_ABC_200k,ACT-Lang-ABC 200k,wrong_language,81,0.0
act_lang_ABC_200k,ACT-Lang-ABC 200k,wrong_language,82,0.0
act_lang_ABC_200k,ACT-Lang-ABC 200k,wrong_language,83,0.0
act_lang_ABC_200k,ACT-Lang-ABC 200k,wrong_language,84,0.0
act_lang_ABC_200k,ACT-Lang-ABC 200k,wrong_language,85,0.0
act_lang_ABC_200k,ACT-Lang-ABC 200k,wrong_language,86,0.0
act_lang_ABC_200k,ACT-Lang-ABC 200k,wrong_language,87,0.0
act_lang_ABC_200k,ACT-Lang-ABC 200k,wrong_language,88,0.0
act_lang_ABC_200k,ACT-Lang-ABC 200k,wrong_language,89,0.0
act_lang_ABC_200k,ACT-Lang-ABC 200k,wrong_language,90,0.0
act_lang_ABC_200k,ACT-Lang-ABC 200k,wrong_language,91,0.0
act_lang_ABC_200k,ACT-Lang-ABC 200k,wrong_language,92,0.0
act_lang_ABC_200k,ACT-Lang-ABC 200k,wrong_language,93,0.0
act_lang_ABC_200k,ACT-Lang-ABC 200k,wrong_language,94,0.0
act_lang_ABC_200k,ACT-Lang-ABC 200k,wrong_language,95,0.0
act_lang_ABC_200k,ACT-Lang-ABC 200k,wrong_language,96,0.0
act_lang_ABC_200k,ACT-Lang-ABC 200k,wrong_language,97,0.0
act_lang_ABC_200k,ACT-Lang-ABC 200k,wrong_language,98,0.0
act_lang_ABC_200k,ACT-Lang-ABC 200k,wrong_language,99,0.0
act_lang_ABC_size_matched,ACT-Lang-ABC Size-Matched,correct,0,0.4434298574924469
act_lang_ABC_size_matched,ACT-Lang-ABC Size-Matched,correct,1,0.4375912845134735
act_lang_ABC_size_matched,ACT-Lang-ABC Size-Matched,correct,2,0.4028978645801544
act_lang_ABC_size_matched,ACT-Lang-ABC Size-Matched,correct,3,0.4083830416202545
act_lang_ABC_size_matched,ACT-Lang-ABC Size-Matched,correct,4,0.41412031650543213
act_lang_ABC_size_matched,ACT-Lang-ABC Size-Matched,correct,5,0.42093318700790405
act_lang_ABC_size_matched,ACT-Lang-ABC Size-Matched,correct,6,0.4207223057746887
act_lang_ABC_size_matched,ACT-Lang-ABC Size-Matched,correct,7,0.4075387120246887
act_lang_ABC_size_matched,ACT-Lang-ABC Size-Matched,correct,8,0.3965362012386322
act_lang_ABC_size_matched,ACT-Lang-ABC Size-Matched,correct,9,0.40658509731292725
act_lang_ABC_size_matched,ACT-Lang-ABC Size-Matched,correct,10,0.4196668267250061
act_lang_ABC_size_matched,ACT-Lang-ABC Size-Matched,correct,11,0.43963250517845154
act_lang_ABC_size_matched,ACT-Lang-ABC Size-Matched,correct,12,0.4427856206893921
act_lang_ABC_size_matched,ACT-Lang-ABC Size-Matched,correct,13,0.4632469117641449
act_lang_ABC_size_matched,ACT-Lang-ABC Size-Matched,correct,14,0.4330233037471771
act_lang_ABC_size_matched,ACT-Lang-ABC Size-Matched,correct,15,0.4328064024448395
act_lang_ABC_size_matched,ACT-Lang-ABC Size-Matched,correct,16,0.4356577396392822
act_lang_ABC_size_matched,ACT-Lang-ABC Size-Matched,correct,17,0.4116326570510864
act_lang_ABC_size_matched,ACT-Lang-ABC Size-Matched,correct,18,0.40737712383270264
act_lang_ABC_size_matched,ACT-Lang-ABC Size-Matched,correct,19,0.42681849002838135
act_lang_ABC_size_matched,ACT-Lang-ABC Size-Matched,correct,20,0.42952343821525574
act_lang_ABC_size_matched,ACT-Lang-ABC Size-Matched,correct,21,0.4600413739681244
act_lang_ABC_size_matched,ACT-Lang-ABC Size-Matched,correct,22,0.4630378484725952
act_lang_ABC_size_matched,ACT-Lang-ABC Size-Matched,correct,23,0.4471408724784851
act_lang_ABC_size_matched,ACT-Lang-ABC Size-Matched,correct,24,0.46501606702804565
act_lang_ABC_size_matched,ACT-Lang-ABC Size-Matched,correct,25,0.4525996446609497
act_lang_ABC_size_matched,ACT-Lang-ABC Size-Matched,correct,26,0.46283042430877686
act_lang_ABC_size_matched,ACT-Lang-ABC Size-Matched,correct,27,0.4756329655647278
act_lang_ABC_size_matched,ACT-Lang-ABC Size-Matched,correct,28,0.46840131282806396
act_lang_ABC_size_matched,ACT-Lang-ABC Size-Matched,correct,29,0.4546712636947632
act_lang_ABC_size_matched,ACT-Lang-ABC Size-Matched,correct,30,0.4261285662651062
act_lang_ABC_size_matched,ACT-Lang-ABC Size-Matched,correct,31,0.4525763690471649
act_lang_ABC_size_matched,ACT-Lang-ABC Size-Matched,correct,32,0.41796672344207764
act_lang_ABC_size_matched,ACT-Lang-ABC Size-Matched,correct,33,0.42177116870880127
act_lang_ABC_size_matched,ACT-Lang-ABC Size-Matched,correct,34,0.4629148542881012
act_lang_ABC_size_matched,ACT-Lang-ABC Size-Matched,correct,35,0.46270132064819336
act_lang_ABC_size_matched,ACT-Lang-ABC Size-Matched,correct,36,0.48579832911491394
act_lang_ABC_size_matched,ACT-Lang-ABC Size-Matched,correct,37,0.479085236787796
act_lang_ABC_size_matched,ACT-Lang-ABC Size-Matched,correct,38,0.49213090538978577
act_lang_ABC_size_matched,ACT-Lang-ABC Size-Matched,correct,39,0.5095372796058655
act_lang_ABC_size_matched,ACT-Lang-ABC Size-Matched,correct,40,0.5480183959007263
act_lang_ABC_size_matched,ACT-Lang-ABC Size-Matched,correct,41,0.4952029585838318
act_lang_ABC_size_matched,ACT-Lang-ABC Size-Matched,correct,42,0.526189386844635
act_lang_ABC_size_matched,ACT-Lang-ABC Size-Matched,correct,43,0.49673399329185486
act_lang_ABC_size_matched,ACT-Lang-ABC Size-Matched,correct,44,0.4979732632637024
act_lang_ABC_size_matched,ACT-Lang-ABC Size-Matched,correct,45,0.49384698271751404
act_lang_ABC_size_matched,ACT-Lang-ABC Size-Matched,correct,46,0.5346505641937256
act_lang_ABC_size_matched,ACT-Lang-ABC Size-Matched,correct,47,0.48139768838882446
act_lang_ABC_size_matched,ACT-Lang-ABC Size-Matched,correct,48,0.4870496690273285
act_lang_ABC_size_matched,ACT-Lang-ABC Size-Matched,correct,49,0.5206398963928223
act_lang_ABC_size_matched,ACT-Lang-ABC Size-Matched,correct,50,0.5488147735595703
act_lang_ABC_size_matched,ACT-Lang-ABC Size-Matched,correct,51,0.609424352645874
act_lang_ABC_size_matched,ACT-Lang-ABC Size-Matched,correct,52,0.5225045680999756
act_lang_ABC_size_matched,ACT-Lang-ABC Size-Matched,correct,53,0.43014225363731384
act_lang_ABC_size_matched,ACT-Lang-ABC Size-Matched,correct,54,0.34193459153175354
act_lang_ABC_size_matched,ACT-Lang-ABC Size-Matched,correct,55,0.32045888900756836
act_lang_ABC_size_matched,ACT-Lang-ABC Size-Matched,correct,56,0.38325002789497375
act_lang_ABC_size_matched,ACT-Lang-ABC Size-Matched,correct,57,0.3589209020137787
act_lang_ABC_size_matched,ACT-Lang-ABC Size-Matched,correct,58,0.3557889461517334
act_lang_ABC_size_matched,ACT-Lang-ABC Size-Matched,correct,59,0.4017844796180725
act_lang_ABC_size_matched,ACT-Lang-ABC Size-Matched,correct,60,0.3545401692390442
act_lang_ABC_size_matched,ACT-Lang-ABC Size-Matched,correct,61,0.34614118933677673
act_lang_ABC_size_matched,ACT-Lang-ABC Size-Matched,correct,62,0.33566805720329285
act_lang_ABC_size_matched,ACT-Lang-ABC Size-Matched,correct,63,0.3042634427547455
act_lang_ABC_size_matched,ACT-Lang-ABC Size-Matched,correct,64,0.09575681388378143
act_lang_ABC_size_matched,ACT-Lang-ABC Size-Matched,correct,65,0.0
act_lang_ABC_size_matched,ACT-Lang-ABC Size-Matched,correct,66,0.0
act_lang_ABC_size_matched,ACT-Lang-ABC Size-Matched,correct,67,0.0
act_lang_ABC_size_matched,ACT-Lang-ABC Size-Matched,correct,68,0.0
act_lang_ABC_size_matched,ACT-Lang-ABC Size-Matched,correct,69,0.0
act_lang_ABC_size_matched,ACT-Lang-ABC Size-Matched,correct,70,0.0
act_lang_ABC_size_matched,ACT-Lang-ABC Size-Matched,correct,71,0.0
act_lang_ABC_size_matched,ACT-Lang-ABC Size-Matched,correct,72,0.0
act_lang_ABC_size_matched,ACT-Lang-ABC Size-Matched,correct,73,0.0
act_lang_ABC_size_matched,ACT-Lang-ABC Size-Matched,correct,74,0.0
act_lang_ABC_size_matched,ACT-Lang-ABC Size-Matched,correct,75,0.0
act_lang_ABC_size_matched,ACT-Lang-ABC Size-Matched,correct,76,0.0
act_lang_ABC_size_matched,ACT-Lang-ABC Size-Matched,correct,77,0.0
act_lang_ABC_size_matched,ACT-Lang-ABC Size-Matched,correct,78,0.0
act_lang_ABC_size_matched,ACT-Lang-ABC Size-Matched,correct,79,0.0
act_lang_ABC_size_matched,ACT-Lang-ABC Size-Matched,correct,80,0.0
act_lang_ABC_size_matched,ACT-Lang-ABC Size-Matched,correct,81,0.0
act_lang_ABC_size_matched,ACT-Lang-ABC Size-Matched,correct,82,0.0
act_lang_ABC_size_matched,ACT-Lang-ABC Size-Matched,correct,83,0.0
act_lang_ABC_size_matched,ACT-Lang-ABC Size-Matched,correct,84,0.0
act_lang_ABC_size_matched,ACT-Lang-ABC Size-Matched,correct,85,0.0
act_lang_ABC_size_matched,ACT-Lang-ABC Size-Matched,correct,86,0.0
act_lang_ABC_size_matched,ACT-Lang-ABC Size-Matched,correct,87,0.0
act_lang_ABC_size_matched,ACT-Lang-ABC Size-Matched,correct,88,0.0
act_lang_ABC_size_matched,ACT-Lang-ABC Size-Matched,correct,89,0.0
act_lang_ABC_size_matched,ACT-Lang-ABC Size-Matched,correct,90,0.0
act_lang_ABC_size_matched,ACT-Lang-ABC Size-Matched,correct,91,0.0
act_lang_ABC_size_matched,ACT-Lang-ABC Size-Matched,correct,92,0.0
act_lang_ABC_size_matched,ACT-Lang-ABC Size-Matched,correct,93,0.0
act_lang_ABC_size_matched,ACT-Lang-ABC Size-Matched,correct,94,0.0
act_lang_ABC_size_matched,ACT-Lang-ABC Size-Matched,correct,95,0.0
act_lang_ABC_size_matched,ACT-Lang-ABC Size-Matched,correct,96,0.0
act_lang_ABC_size_matched,ACT-Lang-ABC Size-Matched,correct,97,0.0
act_lang_ABC_size_matched,ACT-Lang-ABC Size-Matched,correct,98,0.0
act_lang_ABC_size_matched,ACT-Lang-ABC Size-Matched,correct,99,0.0
act_lang_ABC_size_matched,ACT-Lang-ABC Size-Matched,zero_language,0,0.7291830778121948
act_lang_ABC_size_matched,ACT-Lang-ABC Size-Matched,zero_language,1,0.7531763315200806
act_lang_ABC_size_matched,ACT-Lang-ABC Size-Matched,zero_language,2,0.743563711643219
act_lang_ABC_size_matched,ACT-Lang-ABC Size-Matched,zero_language,3,0.7557570934295654
act_lang_ABC_size_matched,ACT-Lang-ABC Size-Matched,zero_language,4,0.766567051410675
act_lang_ABC_size_matched,ACT-Lang-ABC Size-Matched,zero_language,5,0.7765486240386963
act_lang_ABC_size_matched,ACT-Lang-ABC Size-Matched,zero_language,6,0.786523163318634
act_lang_ABC_size_matched,ACT-Lang-ABC Size-Matched,zero_language,7,0.7724716663360596
act_lang_ABC_size_matched,ACT-Lang-ABC Size-Matched,zero_language,8,0.773003339767456
act_lang_ABC_size_matched,ACT-Lang-ABC Size-Matched,zero_language,9,0.7668730020523071
act_lang_ABC_size_matched,ACT-Lang-ABC Size-Matched,zero_language,10,0.7739435434341431
act_lang_ABC_size_matched,ACT-Lang-ABC Size-Matched,zero_language,11,0.8118614554405212
act_lang_ABC_size_matched,ACT-Lang-ABC Size-Matched,zero_language,12,0.8092309832572937
act_lang_ABC_size_matched,ACT-Lang-ABC Size-Matched,zero_language,13,0.8018314242362976
act_lang_ABC_size_matched,ACT-Lang-ABC Size-Matched,zero_language,14,0.793761134147644
act_lang_ABC_size_matched,ACT-Lang-ABC Size-Matched,zero_language,15,0.790250301361084
act_lang_ABC_size_matched,ACT-Lang-ABC Size-Matched,zero_language,16,0.8034951686859131
act_lang_ABC_size_matched,ACT-Lang-ABC Size-Matched,zero_language,17,0.7824806571006775
act_lang_ABC_size_matched,ACT-Lang-ABC Size-Matched,zero_language,18,0.7753642201423645
act_lang_ABC_size_matched,ACT-Lang-ABC Size-Matched,zero_language,19,0.7776905298233032
act_lang_ABC_size_matched,ACT-Lang-ABC Size-Matched,zero_language,20,0.7639718055725098
act_lang_ABC_size_matched,ACT-Lang-ABC Size-Matched,zero_language,21,0.7630431056022644
act_lang_ABC_size_matched,ACT-Lang-ABC Size-Matched,zero_language,22,0.7874859571456909
act_lang_ABC_size_matched,ACT-Lang-ABC Size-Matched,zero_language,23,0.7708108425140381
act_lang_ABC_size_matched,ACT-Lang-ABC Size-Matched,zero_language,24,0.7844459414482117
act_lang_ABC_size_matched,ACT-Lang-ABC Size-Matched,zero_language,25,0.794926106929779
act_lang_ABC_size_matched,ACT-Lang-ABC Size-Matched,zero_language,26,0.8038975596427917
act_lang_ABC_size_matched,ACT-Lang-ABC Size-Matched,zero_language,27,0.7898940443992615
act_lang_ABC_size_matched,ACT-Lang-ABC Size-Matched,zero_language,28,0.8009926080703735
act_lang_ABC_size_matched,ACT-Lang-ABC Size-Matched,zero_language,29,0.7893540859222412
act_lang_ABC_size_matched,ACT-Lang-ABC Size-Matched,zero_language,30,0.7440300583839417
act_lang_ABC_size_matched,ACT-Lang-ABC Size-Matched,zero_language,31,0.7653073668479919
act_lang_ABC_size_matched,ACT-Lang-ABC Size-Matched,zero_language,32,0.7415257692337036
act_lang_ABC_size_matched,ACT-Lang-ABC Size-Matched,zero_language,33,0.7387586832046509
act_lang_ABC_size_matched,ACT-Lang-ABC Size-Matched,zero_language,34,0.7217382192611694
act_lang_ABC_size_matched,ACT-Lang-ABC Size-Matched,zero_language,35,0.7337300181388855
act_lang_ABC_size_matched,ACT-Lang-ABC Size-Matched,zero_language,36,0.7344031929969788
act_lang_ABC_size_matched,ACT-Lang-ABC Size-Matched,zero_language,37,0.7000683546066284
act_lang_ABC_size_matched,ACT-Lang-ABC Size-Matched,zero_language,38,0.6881587505340576
act_lang_ABC_size_matched,ACT-Lang-ABC Size-Matched,zero_language,39,0.663663387298584
act_lang_ABC_size_matched,ACT-Lang-ABC Size-Matched,zero_language,40,0.7186709642410278
act_lang_ABC_size_matched,ACT-Lang-ABC Size-Matched,zero_language,41,0.6963464617729187
act_lang_ABC_size_matched,ACT-Lang-ABC Size-Matched,zero_language,42,0.7174661755561829
act_lang_ABC_size_matched,ACT-Lang-ABC Size-Matched,zero_language,43,0.7137939929962158
act_lang_ABC_size_matched,ACT-Lang-ABC Size-Matched,zero_language,44,0.6679180860519409
act_lang_ABC_size_matched,ACT-Lang-ABC Size-Matched,zero_language,45,0.647811770439148
act_lang_ABC_size_matched,ACT-Lang-ABC Size-Matched,zero_language,46,0.7048980593681335
act_lang_ABC_size_matched,ACT-Lang-ABC Size-Matched,zero_language,47,0.6734831929206848
act_lang_ABC_size_matched,ACT-Lang-ABC Size-Matched,zero_language,48,0.6328588724136353
act_lang_ABC_size_matched,ACT-Lang-ABC Size-Matched,zero_language,49,0.619219958782196
act_lang_ABC_size_matched,ACT-Lang-ABC Size-Matched,zero_language,50,0.5983089804649353
act_lang_ABC_size_matched,ACT-Lang-ABC Size-Matched,zero_language,51,0.5895258188247681
act_lang_ABC_size_matched,ACT-Lang-ABC Size-Matched,zero_language,52,0.5702773332595825
act_lang_ABC_size_matched,ACT-Lang-ABC Size-Matched,zero_language,53,0.5484744906425476
act_lang_ABC_size_matched,ACT-Lang-ABC Size-Matched,zero_language,54,0.49008050560951233
act_lang_ABC_size_matched,ACT-Lang-ABC Size-Matched,zero_language,55,0.43820565938949585
act_lang_ABC_size_matched,ACT-Lang-ABC Size-Matched,zero_language,56,0.47420796751976013
act_lang_ABC_size_matched,ACT-Lang-ABC Size-Matched,zero_language,57,0.4285103976726532
act_lang_ABC_size_matched,ACT-Lang-ABC Size-Matched,zero_language,58,0.43163514137268066
act_lang_ABC_size_matched,ACT-Lang-ABC Size-Matched,zero_language,59,0.4774816334247589
act_lang_ABC_size_matched,ACT-Lang-ABC Size-Matched,zero_language,60,0.4709751009941101
act_lang_ABC_size_matched,ACT-Lang-ABC Size-Matched,zero_language,61,0.4646894633769989
act_lang_ABC_size_matched,ACT-Lang-ABC Size-Matched,zero_language,62,0.47092700004577637
act_lang_ABC_size_matched,ACT-Lang-ABC Size-Matched,zero_language,63,0.3099038898944855
act_lang_ABC_size_matched,ACT-Lang-ABC Size-Matched,zero_language,64,0.08272282779216766
act_lang_ABC_size_matched,ACT-Lang-ABC Size-Matched,zero_language,65,0.0
act_lang_ABC_size_matched,ACT-Lang-ABC Size-Matched,zero_language,66,0.0
act_lang_ABC_size_matched,ACT-Lang-ABC Size-Matched,zero_language,67,0.0
act_lang_ABC_size_matched,ACT-Lang-ABC Size-Matched,zero_language,68,0.0
act_lang_ABC_size_matched,ACT-Lang-ABC Size-Matched,zero_language,69,0.0
act_lang_ABC_size_matched,ACT-Lang-ABC Size-Matched,zero_language,70,0.0
act_lang_ABC_size_matched,ACT-Lang-ABC Size-Matched,zero_language,71,0.0
act_lang_ABC_size_matched,ACT-Lang-ABC Size-Matched,zero_language,72,0.0
act_lang_ABC_size_matched,ACT-Lang-ABC Size-Matched,zero_language,73,0.0
act_lang_ABC_size_matched,ACT-Lang-ABC Size-Matched,zero_language,74,0.0
act_lang_ABC_size_matched,ACT-Lang-ABC Size-Matched,zero_language,75,0.0
act_lang_ABC_size_matched,ACT-Lang-ABC Size-Matched,zero_language,76,0.0
act_lang_ABC_size_matched,ACT-Lang-ABC Size-Matched,zero_language,77,0.0
act_lang_ABC_size_matched,ACT-Lang-ABC Size-Matched,zero_language,78,0.0
act_lang_ABC_size_matched,ACT-Lang-ABC Size-Matched,zero_language,79,0.0
act_lang_ABC_size_matched,ACT-Lang-ABC Size-Matched,zero_language,80,0.0
act_lang_ABC_size_matched,ACT-Lang-ABC Size-Matched,zero_language,81,0.0
act_lang_ABC_size_matched,ACT-Lang-ABC Size-Matched,zero_language,82,0.0
act_lang_ABC_size_matched,ACT-Lang-ABC Size-Matched,zero_language,83,0.0
act_lang_ABC_size_matched,ACT-Lang-ABC Size-Matched,zero_language,84,0.0
act_lang_ABC_size_matched,ACT-Lang-ABC Size-Matched,zero_language,85,0.0
act_lang_ABC_size_matched,ACT-Lang-ABC Size-Matched,zero_language,86,0.0
act_lang_ABC_size_matched,ACT-Lang-ABC Size-Matched,zero_language,87,0.0
act_lang_ABC_size_matched,ACT-Lang-ABC Size-Matched,zero_language,88,0.0
act_lang_ABC_size_matched,ACT-Lang-ABC Size-Matched,zero_language,89,0.0
act_lang_ABC_size_matched,ACT-Lang-ABC Size-Matched,zero_language,90,0.0
act_lang_ABC_size_matched,ACT-Lang-ABC Size-Matched,zero_language,91,0.0
act_lang_ABC_size_matched,ACT-Lang-ABC Size-Matched,zero_language,92,0.0
act_lang_ABC_size_matched,ACT-Lang-ABC Size-Matched,zero_language,93,0.0
act_lang_ABC_size_matched,ACT-Lang-ABC Size-Matched,zero_language,94,0.0
act_lang_ABC_size_matched,ACT-Lang-ABC Size-Matched,zero_language,95,0.0
act_lang_ABC_size_matched,ACT-Lang-ABC Size-Matched,zero_language,96,0.0
act_lang_ABC_size_matched,ACT-Lang-ABC Size-Matched,zero_language,97,0.0
act_lang_ABC_size_matched,ACT-Lang-ABC Size-Matched,zero_language,98,0.0
act_lang_ABC_size_matched,ACT-Lang-ABC Size-Matched,zero_language,99,0.0
act_lang_ABC_size_matched,ACT-Lang-ABC Size-Matched,wrong_language,0,0.7547557353973389
act_lang_ABC_size_matched,ACT-Lang-ABC Size-Matched,wrong_language,1,0.7834751605987549
act_lang_ABC_size_matched,ACT-Lang-ABC Size-Matched,wrong_language,2,0.7670806050300598
act_lang_ABC_size_matched,ACT-Lang-ABC Size-Matched,wrong_language,3,0.7983564734458923
act_lang_ABC_size_matched,ACT-Lang-ABC Size-Matched,wrong_language,4,0.7988523244857788
act_lang_ABC_size_matched,ACT-Lang-ABC Size-Matched,wrong_language,5,0.8162649869918823
act_lang_ABC_size_matched,ACT-Lang-ABC Size-Matched,wrong_language,6,0.8351214528083801
act_lang_ABC_size_matched,ACT-Lang-ABC Size-Matched,wrong_language,7,0.8034629821777344
act_lang_ABC_size_matched,ACT-Lang-ABC Size-Matched,wrong_language,8,0.7883682250976562
act_lang_ABC_size_matched,ACT-Lang-ABC Size-Matched,wrong_language,9,0.801110565662384
act_lang_ABC_size_matched,ACT-Lang-ABC Size-Matched,wrong_language,10,0.8059682846069336
act_lang_ABC_size_matched,ACT-Lang-ABC Size-Matched,wrong_language,11,0.8330923318862915
act_lang_ABC_size_matched,ACT-Lang-ABC Size-Matched,wrong_language,12,0.8298507928848267
act_lang_ABC_size_matched,ACT-Lang-ABC Size-Matched,wrong_language,13,0.8435742855072021
act_lang_ABC_size_matched,ACT-Lang-ABC Size-Matched,wrong_language,14,0.8294883966445923
act_lang_ABC_size_matched,ACT-Lang-ABC Size-Matched,wrong_language,15,0.83467698097229
act_lang_ABC_size_matched,ACT-Lang-ABC Size-Matched,wrong_language,16,0.8625635504722595
act_lang_ABC_size_matched,ACT-Lang-ABC Size-Matched,wrong_language,17,0.8524280786514282
act_lang_ABC_size_matched,ACT-Lang-ABC Size-Matched,wrong_language,18,0.8462294340133667
act_lang_ABC_size_matched,ACT-Lang-ABC Size-Matched,wrong_language,19,0.8402606248855591
act_lang_ABC_size_matched,ACT-Lang-ABC Size-Matched,wrong_language,20,0.8570060729980469
act_lang_ABC_size_matched,ACT-Lang-ABC Size-Matched,wrong_language,21,0.8393846154212952
act_lang_ABC_size_matched,ACT-Lang-ABC Size-Matched,wrong_language,22,0.8642377853393555
act_lang_ABC_size_matched,ACT-Lang-ABC Size-Matched,wrong_language,23,0.8566034436225891
act_lang_ABC_size_matched,ACT-Lang-ABC Size-Matched,wrong_language,24,0.8438239693641663
act_lang_ABC_size_matched,ACT-Lang-ABC Size-Matched,wrong_language,25,0.8212932348251343
act_lang_ABC_size_matched,ACT-Lang-ABC Size-Matched,wrong_language,26,0.8290799260139465
act_lang_ABC_size_matched,ACT-Lang-ABC Size-Matched,wrong_language,27,0.8090096116065979
act_lang_ABC_size_matched,ACT-Lang-ABC Size-Matched,wrong_language,28,0.8378157615661621
act_lang_ABC_size_matched,ACT-Lang-ABC Size-Matched,wrong_language,29,0.8388747572898865
act_lang_ABC_size_matched,ACT-Lang-ABC Size-Matched,wrong_language,30,0.8278652429580688
act_lang_ABC_size_matched,ACT-Lang-ABC Size-Matched,wrong_language,31,0.8696146011352539
act_lang_ABC_size_matched,ACT-Lang-ABC Size-Matched,wrong_language,32,0.8596292734146118
act_lang_ABC_size_matched,ACT-Lang-ABC Size-Matched,wrong_language,33,0.8822661638259888
act_lang_ABC_size_matched,ACT-Lang-ABC Size-Matched,wrong_language,34,0.8803214430809021
act_lang_ABC_size_matched,ACT-Lang-ABC Size-Matched,wrong_language,35,0.8907257318496704
act_lang_ABC_size_matched,ACT-Lang-ABC Size-Matched,wrong_language,36,0.8930441737174988
act_lang_ABC_size_matched,ACT-Lang-ABC Size-Matched,wrong_language,37,0.866209864616394
act_lang_ABC_size_matched,ACT-Lang-ABC Size-Matched,wrong_language,38,0.82551509141922
act_lang_ABC_size_matched,ACT-Lang-ABC Size-Matched,wrong_language,39,0.8068055510520935
act_lang_ABC_size_matched,ACT-Lang-ABC Size-Matched,wrong_language,40,0.8217856884002686
act_lang_ABC_size_matched,ACT-Lang-ABC Size-Matched,wrong_language,41,0.7948989868164062
act_lang_ABC_size_matched,ACT-Lang-ABC Size-Matched,wrong_language,42,0.8426142930984497
act_lang_ABC_size_matched,ACT-Lang-ABC Size-Matched,wrong_language,43,0.8405576944351196
act_lang_ABC_size_matched,ACT-Lang-ABC Size-Matched,wrong_language,44,0.8584148287773132
act_lang_ABC_size_matched,ACT-Lang-ABC Size-Matched,wrong_language,45,0.8792902231216431
act_lang_ABC_size_matched,ACT-Lang-ABC Size-Matched,wrong_language,46,0.9670759439468384
act_lang_ABC_size_matched,ACT-Lang-ABC Size-Matched,wrong_language,47,0.9654188752174377
act_lang_ABC_size_matched,ACT-Lang-ABC Size-Matched,wrong_language,48,0.9507762789726257
act_lang_ABC_size_matched,ACT-Lang-ABC Size-Matched,wrong_language,49,0.9757058620452881
act_lang_ABC_size_matched,ACT-Lang-ABC Size-Matched,wrong_language,50,0.915176510810852
act_lang_ABC_size_matched,ACT-Lang-ABC Size-Matched,wrong_language,51,0.8999115228652954
act_lang_ABC_size_matched,ACT-Lang-ABC Size-Matched,wrong_language,52,0.8755257725715637
act_lang_ABC_size_matched,ACT-Lang-ABC Size-Matched,wrong_language,53,0.7878147959709167
act_lang_ABC_size_matched,ACT-Lang-ABC Size-Matched,wrong_language,54,0.6889175176620483
act_lang_ABC_size_matched,ACT-Lang-ABC Size-Matched,wrong_language,55,0.6658768653869629
act_lang_ABC_size_matched,ACT-Lang-ABC Size-Matched,wrong_language,56,0.6836529970169067
act_lang_ABC_size_matched,ACT-Lang-ABC Size-Matched,wrong_language,57,0.6129454374313354
act_lang_ABC_size_matched,ACT-Lang-ABC Size-Matched,wrong_language,58,0.6163650751113892
act_lang_ABC_size_matched,ACT-Lang-ABC Size-Matched,wrong_language,59,0.6881253123283386
act_lang_ABC_size_matched,ACT-Lang-ABC Size-Matched,wrong_language,60,0.5711014270782471
act_lang_ABC_size_matched,ACT-Lang-ABC Size-Matched,wrong_language,61,0.5582534670829773
act_lang_ABC_size_matched,ACT-Lang-ABC Size-Matched,wrong_language,62,0.5862352848052979
act_lang_ABC_size_matched,ACT-Lang-ABC Size-Matched,wrong_language,63,0.3654699921607971
act_lang_ABC_size_matched,ACT-Lang-ABC Size-Matched,wrong_language,64,0.1250171661376953
act_lang_ABC_size_matched,ACT-Lang-ABC Size-Matched,wrong_language,65,0.0
act_lang_ABC_size_matched,ACT-Lang-ABC Size-Matched,wrong_language,66,0.0
act_lang_ABC_size_matched,ACT-Lang-ABC Size-Matched,wrong_language,67,0.0
act_lang_ABC_size_matched,ACT-Lang-ABC Size-Matched,wrong_language,68,0.0
act_lang_ABC_size_matched,ACT-Lang-ABC Size-Matched,wrong_language,69,0.0
act_lang_ABC_size_matched,ACT-Lang-ABC Size-Matched,wrong_language,70,0.0
act_lang_ABC_size_matched,ACT-Lang-ABC Size-Matched,wrong_language,71,0.0
act_lang_ABC_size_matched,ACT-Lang-ABC Size-Matched,wrong_language,72,0.0
act_lang_ABC_size_matched,ACT-Lang-ABC Size-Matched,wrong_language,73,0.0
act_lang_ABC_size_matched,ACT-Lang-ABC Size-Matched,wrong_language,74,0.0
act_lang_ABC_size_matched,ACT-Lang-ABC Size-Matched,wrong_language,75,0.0
act_lang_ABC_size_matched,ACT-Lang-ABC Size-Matched,wrong_language,76,0.0
act_lang_ABC_size_matched,ACT-Lang-ABC Size-Matched,wrong_language,77,0.0
act_lang_ABC_size_matched,ACT-Lang-ABC Size-Matched,wrong_language,78,0.0
act_lang_ABC_size_matched,ACT-Lang-ABC Size-Matched,wrong_language,79,0.0
act_lang_ABC_size_matched,ACT-Lang-ABC Size-Matched,wrong_language,80,0.0
act_lang_ABC_size_matched,ACT-Lang-ABC Size-Matched,wrong_language,81,0.0
act_lang_ABC_size_matched,ACT-Lang-ABC Size-Matched,wrong_language,82,0.0
act_lang_ABC_size_matched,ACT-Lang-ABC Size-Matched,wrong_language,83,0.0
act_lang_ABC_size_matched,ACT-Lang-ABC Size-Matched,wrong_language,84,0.0
act_lang_ABC_size_matched,ACT-Lang-ABC Size-Matched,wrong_language,85,0.0
act_lang_ABC_size_matched,ACT-Lang-ABC Size-Matched,wrong_language,86,0.0
act_lang_ABC_size_matched,ACT-Lang-ABC Size-Matched,wrong_language,87,0.0
act_lang_ABC_size_matched,ACT-Lang-ABC Size-Matched,wrong_language,88,0.0
act_lang_ABC_size_matched,ACT-Lang-ABC Size-Matched,wrong_language,89,0.0
act_lang_ABC_size_matched,ACT-Lang-ABC Size-Matched,wrong_language,90,0.0
act_lang_ABC_size_matched,ACT-Lang-ABC Size-Matched,wrong_language,91,0.0
act_lang_ABC_size_matched,ACT-Lang-ABC Size-Matched,wrong_language,92,0.0
act_lang_ABC_size_matched,ACT-Lang-ABC Size-Matched,wrong_language,93,0.0
act_lang_ABC_size_matched,ACT-Lang-ABC Size-Matched,wrong_language,94,0.0
act_lang_ABC_size_matched,ACT-Lang-ABC Size-Matched,wrong_language,95,0.0
act_lang_ABC_size_matched,ACT-Lang-ABC Size-Matched,wrong_language,96,0.0
act_lang_ABC_size_matched,ACT-Lang-ABC Size-Matched,wrong_language,97,0.0
act_lang_ABC_size_matched,ACT-Lang-ABC Size-Matched,wrong_language,98,0.0
act_lang_ABC_size_matched,ACT-Lang-ABC Size-Matched,wrong_language,99,0.0
